-- ==================== KHACH HANG - 10 DÒNG DỮ LIỆU CHO H2 ====================
INSERT INTO khach_hang
(id, ma_khach_hang, ten_khach_hang, gioi_tinh, cap_do, sdt, email, mat_khau,
 hinh_anh, trang_thai, ngay_tao, ngay_sinh, otp_change_password, otp_expiry, login_provider)
VALUES
    ('11111111-1111-1111-1111-111111111111', 'KH001', N'Nguyễn Văn Anh', 1, 1, '0987654321', 'nguyenvananh@gmail.com', '$2a$10$abc123def456ghi789jkl', 'anh1.jpg', 1, 1740902400000, '1995-03-15', NULL, NULL, NULL),

    ('22222222-2222-2222-2222-222222222222', 'KH002', N'Trần Thị Bình', 0, 2, '0987654322', 'tranthibinh@gmail.com', '$2a$10$abc123def456ghi789jkl', 'anh2.jpg', 1, 1740988800000, '1996-07-20', NULL, NULL, NULL),

    ('33333333-3333-3333-3333-333333333333', 'KH003', N'Lê Văn Cường', 1, 1, '0987654323', 'levancuong@gmail.com', '$2a$10$abc123def456ghi789jkl', 'anh3.jpg', 1, 1741075200000, '1994-11-05', NULL, NULL, NULL),

    ('44444444-4444-4444-4444-444444444444', 'KH004', N'Phạm Thị Dung', 0, 3, '0987654324', 'phamthidung@gmail.com', '$2a$10$abc123def456ghi789jkl', 'anh4.jpg', 1, 1741161600000, '1997-02-28', NULL, NULL, NULL),

    ('55555555-5555-5555-5555-555555555555', 'KH005', N'Hoàng Văn Em', 1, 2, '0987654325', 'hoangvanem@gmail.com', '$2a$10$abc123def456ghi789jkl', 'anh5.jpg', 1, 1741248000000, '1998-09-10', NULL, NULL, NULL),

    ('66666666-6666-6666-6666-666666666666', 'KH006', N'Vũ Thị Phương', 0, 1, '0987654326', 'vuthiphuong@gmail.com', '$2a$10$abc123def456ghi789jkl', 'anh6.jpg', 1, 1741334400000, '1995-12-25', NULL, NULL, NULL),

    ('77777777-7777-7777-7777-777777777777', 'KH007', N'Đặng Văn Quân', 1, 2, '0987654327', 'dangvanquan@gmail.com', '$2a$10$abc123def456ghi789jkl', 'anh7.jpg', 1, 1741420800000, '1993-06-18', NULL, NULL, NULL),

    ('88888888-8888-8888-8888-888888888888', 'KH008', N'Bùi Thị Hương', 0, 3, '0987654328', 'buithihuong@gmail.com', '$2a$10$abc123def456ghi789jkl', 'anh8.jpg', 1, 1741507200000, '1999-04-12', NULL, NULL, NULL),

    ('99999999-9999-9999-9999-999999999999', 'KH009', N'Mai Văn Tài', 1, 1, '0987654329', 'maivantai@gmail.com', '$2a$10$abc123def456ghi789jkl', 'anh9.jpg', 1, 1741593600000, '1997-08-30', NULL, NULL, NULL),

    ('10101010-1010-1010-1010-101010101010', 'KH010', N'Lý Thị Ngọc', 0, 2, '0987654330', 'lythingoc@gmail.com', '$2a$10$abc123def456ghi789jkl', 'anh10.jpg', 1, 1741680000000, '1996-01-05', NULL, NULL, NULL);

-- Insert into ChucVu
INSERT INTO chuc_vu(id, ma_chuc_vu, ten_chuc_vu, trang_thai)
VALUES
    ('2', 'NHANVIEN', N'Nhân viên', 1);

-- ==================== PHIEU GIAM GIA - 5 DÒNG DỮ LIỆU CHO H2 ====================
    INSERT INTO phieu_giam_gia
(id, ma_phieu_giam_gia, ten_phieu_giam_gia, ngay_bat_dau, ngay_ket_thuc,
 yeu_cau_khach_hang, loai_giam_gia, gia_tri_giam, gia_tri_toi_thieu, gia_tri_toi_da,
 trang_thai, ngay_tao, ngay_sua, cong_khai, diem_can_doi)
VALUES
    ('51111111-1111-1111-1111-111111111111', 'PGG001', N'Giảm 10% đơn từ 500K',
    1740902400000, 1746086400000, 1, 0, 10.0, 500000.0, 1000000.0,
    1, 1740902400000, 1740902400000, 1, NULL),

    ('52222222-2222-2222-2222-222222222222', 'PGG002', N'Giảm 20% đơn từ 1 triệu',
    1740902400000, 1746086400000, 2, 0, 20.0, 1000000.0, 2000000.0,
    1, 1740902400000, 1740902400000, 1, NULL),

    ('53333333-3333-3333-3333-333333333333', 'PGG003', N'Giảm 50K cho đơn từ 300K',
    1740902400000, 1746086400000, 1, 1, 50000.0, 300000.0, NULL,
    1, 1740902400000, 1740902400000, 1, NULL),

    ('54444444-4444-4444-4444-444444444444', 'PGG004', N'Giảm 100K cho đơn từ 500K',
    1740902400000, 1746086400000, 1, 1, 100000.0, 500000.0, NULL,
    1, 1740902400000, 1740902400000, 1, NULL),

    ('55555555-5555-5555-5555-555555555555', 'PGG005', N'Giảm 30% tối đa 300K',
    1740902400000, 1746086400000, 2, 0, 30.0, 500000.0, 300000.0,
    1, 1740902400000, 1740902400000, 1, NULL);

-- ==================== THUONG HIEU - 10 DÒNG DỮ LIỆU CHO H2 ====================
INSERT INTO thuong_hieu (id, ma_thuong_hieu, ten_thuong_hieu, trang_thai)
VALUES
    ('71111111-1111-1111-1111-111111111111', 'TH001', N'Nike', 1),
    ('72222222-2222-2222-2222-222222222222', 'TH002', N'Adidas', 1),
    ('73333333-3333-3333-3333-333333333333', 'TH003', N'Puma', 1),
    ('74444444-4444-4444-4444-444444444444', 'TH004', N'Gucci', 1),
    ('75555555-5555-5555-5555-555555555555', 'TH005', N'Louis Vuitton', 1),
    ('76666666-6666-6666-6666-666666666666', 'TH006', N'Chanel', 1),
    ('77777777-7777-7777-7777-777777777777', 'TH007', N'Zara', 1),
    ('78888888-8888-8888-8888-888888888888', 'TH008', N'H&M', 1),
    ('79999999-9999-9999-9999-999999999999', 'TH009', N'Uniqlo', 1),
    ('71010101-0101-0101-0101-010101010101', 'TH010', N'Balenciaga', 1);

-- ==================== XUAT XU - 10 DÒNG DỮ LIỆU CHO H2 ====================
INSERT INTO xuat_xu (id, ma_xuat_xu, noi_xuat_xu, trang_thai)
VALUES
    ('81111111-1111-1111-1111-111111111111', 'XX001', N'Việt Nam', 1),
    ('82222222-2222-2222-2222-222222222222', 'XX002', N'Trung Quốc', 1),
    ('83333333-3333-3333-3333-333333333333', 'XX003', N'Mỹ', 1),
    ('84444444-4444-4444-4444-444444444444', 'XX004', N'Nhật Bản', 1),
    ('85555555-5555-5555-5555-555555555555', 'XX005', N'Hàn Quốc', 1),
    ('86666666-6666-6666-6666-666666666666', 'XX006', N'Pháp', 1),
    ('87777777-7777-7777-7777-777777777777', 'XX007', N'Ý', 1),
    ('88888888-8888-8888-8888-888888888888', 'XX008', N'Đức', 1),
    ('89999999-9999-9999-9999-999999999999', 'XX009', N'Thái Lan', 1),
    ('81010101-0101-0101-0101-010101010101', 'XX010', N'Anh', 1);

-- ==================== MAU SAC - 10 DÒNG DỮ LIỆU CHO H2 ====================
INSERT INTO mau_sac (id, ma_mau, ten_mau, ma_mau_sac, trang_thai)
VALUES
    ('91111111-1111-1111-1111-111111111111', 'MS001', N'Đỏ', '#FF0000', 1),
    ('92222222-2222-2222-2222-222222222222', 'MS002', N'Xanh lá', '#00FF00', 1),
    ('93333333-3333-3333-3333-333333333333', 'MS003', N'Xanh dương', '#0000FF', 1),
    ('94444444-4444-4444-4444-444444444444', 'MS004', N'Vàng', '#FFFF00', 1),
    ('95555555-5555-5555-5555-555555555555', 'MS005', N'Đen', '#000000', 1),
    ('96666666-6666-6666-6666-666666666666', 'MS006', N'Trắng', '#FFFFFF', 1),
    ('97777777-7777-7777-7777-777777777777', 'MS007', N'Hồng', '#FF69B4', 1),
    ('98888888-8888-8888-8888-888888888888', 'MS008', N'Tím', '#800080', 1),
    ('99999999-9999-9999-9999-999999999999', 'MS009', N'Cam', '#FFA500', 1),
    ('91010101-0101-0101-0101-010101010101', 'MS010', N'Nâu', '#8B4513', 1);

-- ==================== KICH THUOC - 10 DÒNG DỮ LIỆU CHO H2 ====================
INSERT INTO kich_thuoc
(id, ma_kich_thuoc, size, chieu_dai_vai, chieu_dai_than, vong_nguc, vong_eo, do_dai_tay, trang_thai)
VALUES
    ('10111111-1111-1111-1111-111111111111', 'KT001', 'S', 40.5, 60.0, 85.0, 70.0, 58.0, 1),
    ('10222222-2222-2222-2222-222222222222', 'KT002', 'M', 42.0, 62.0, 90.0, 75.0, 59.0, 1),
    ('10333333-3333-3333-3333-333333333333', 'KT003', 'L', 44.0, 64.0, 95.0, 80.0, 60.0, 1),
    ('10444444-4444-4444-4444-444444444444', 'KT004', 'XL', 46.0, 66.0, 100.0, 85.0, 61.0, 1),
    ('10555555-5555-5555-5555-555555555555', 'KT005', 'XXL', 48.0, 68.0, 105.0, 90.0, 62.0, 1),
    ('10666666-6666-6666-6666-666666666666', 'KT006', '3XL', 50.0, 70.0, 110.0, 95.0, 63.0, 1),
    ('10777777-7777-7777-7777-777777777777', 'KT007', '4XL', 52.0, 72.0, 115.0, 100.0, 64.0, 1),
    ('10888888-8888-8888-8888-888888888888', 'KT008', '5XL', 54.0, 74.0, 120.0, 105.0, 65.0, 1),
    ('10999999-9999-9999-9999-999999999999', 'KT009', 'S', 38.0, 58.0, 80.0, 65.0, 55.0, 1),
    ('11010101-0101-0101-0101-010101010101', 'KT010', 'M', 39.0, 59.0, 82.0, 68.0, 56.0, 1);

-- ==================== HINH ANH - 10 DÒNG DỮ LIỆU CHO H2 (Phù hợp với ChiTietSanPham) ====================
INSERT INTO hinh_anh (id, ma_anh, ten_anh, trang_thai, hash) VALUES
     ('12111111-1111-1111-1111-111111111111', 'HA001', N'Áo thun nam trắng', 1, 'hash_anh1_thun_nam_trang'),
     ('12222222-2222-2222-2222-222222222222', 'HA002', N'Áo thun nữ hồng', 1, 'hash_anh2_thun_nu_hong'),
     ('12333333-3333-3333-3333-333333333333', 'HA003', N'Quần jean nam xanh', 1, 'hash_anh3_jean_nam_xanh'),
     ('12444444-4444-4444-4444-444444444444', 'HA004', N'Quần jean nữ đen', 1, 'hash_anh4_jean_nu_den'),
     ('12555555-5555-5555-5555-555555555555', 'HA005', N'Áo khoác nam đen', 1, 'hash_anh5_khoac_nam_den'),
     ('12666666-6666-6666-6666-666666666666', 'HA006', N'Áo khoác nữ xám', 1, 'hash_anh6_khoac_nu_xam'),
     ('12777777-7777-7777-7777-777777777777', 'HA007', N'Giày thể thao nam trắng', 1, 'hash_anh7_giay_nam_trang'),
     ('12888888-8888-8888-8888-888888888888', 'HA008', N'Giày thể thao nữ hồng', 1, 'hash_anh8_giay_nu_hong'),
     ('12999999-9999-9999-9999-999999999999', 'HA009', N'Túi xách nam đen', 1, 'hash_anh9_tuixach_nam_den'),
     ('12010101-0101-0101-0101-010101010101', 'HA010', N'Túi xách nữ nâu', 1, 'hash_anh10_tuixach_nu_nau');

-- ==================== CHAT LIEU - 10 DÒNG DỮ LIỆU CHO H2 ====================
INSERT INTO chat_lieu (id, ma_chat_lieu, ten_chat_lieu, trang_thai)
VALUES
    ('13111111-1111-1111-1111-111111111111', 'CL001', N'Cotton', 1),
    ('13222222-2222-2222-2222-222222222222', 'CL002', N'Jeans', 1),
    ('13333333-3333-3333-3333-333333333333', 'CL003', N'Polyester', 1),
    ('13444444-4444-4444-4444-444444444444', 'CL004', N'Len', 1),
    ('13555555-5555-5555-5555-555555555555', 'CL005', N'Da', 1),
    ('13666666-6666-6666-6666-666666666666', 'CL006', N'Nỉ', 1),
    ('13777777-7777-7777-7777-777777777777', 'CL007', N'Lụa', 1),
    ('13888888-8888-8888-8888-888888888888', 'CL008', N'Kaki', 1),
    ('13999999-9999-9999-9999-999999999999', 'CL009', N'Vải lanh', 1),
    ('13010101-0101-0101-0101-010101010101', 'CL010', N'Nylon', 1);

-- ==================== SAN PHAM - 10 DÒNG DỮ LIỆU CHO H2 ====================
INSERT INTO san_pham
(id, ma_san_pham, ten_san_pham, id_chat_lieu, id_xuat_xu, id_thuong_hieu, mo_ta, trang_thai, ngay_tao)
VALUES
    ('14111111-1111-1111-1111-111111111111', 'SP001', N'Áo Polo nam cổ tròn', '13111111-1111-1111-1111-111111111111', '81111111-1111-1111-1111-111111111111', '71111111-1111-1111-1111-111111111111', N'Áo thun nam cotton thoáng mát, co giãn tốt', 1, 1740902400000),

    ('14222222-2222-2222-2222-222222222222', 'SP002', N'Áo Polo nữ cổ tim', '13111111-1111-1111-1111-111111111111', '82222222-2222-2222-2222-222222222222', '72222222-2222-2222-2222-222222222222', N'Áo thun nữ cotton mềm mại, dễ thương', 1, 1740902400000),

    ('14333333-3333-3333-3333-333333333333', 'SP003', N'Áo Polo nam slimfit', '13222222-2222-2222-2222-222222222222', '83333333-3333-3333-3333-333333333333', '73333333-3333-3333-3333-333333333333', N'Quần jean nam co giãn thoải mái, form slimfit', 1, 1740902400000),

    ('14444444-4444-4444-4444-444444444444', 'SP004', N'Áo Polo nữ skinny', '13222222-2222-2222-2222-222222222222', '84444444-4444-4444-4444-444444444444', '74444444-4444-4444-4444-444444444444', N'Quần jean nữ ôm dáng skinny hiện đại', 1, 1740902400000),

    ('14555555-5555-5555-5555-555555555555', 'SP005', N'Áo Polo nam bomber', '13333333-3333-3333-3333-333333333333', '85555555-5555-5555-5555-555555555555', '75555555-5555-5555-5555-555555555555', N'Áo khoác nam bomber phong cách trẻ trung', 1, 1740902400000),

    ('14666666-6666-6666-6666-666666666666', 'SP006', N'Áo Polo nữ dù', '13333333-3333-3333-3333-333333333333', '86666666-6666-6666-6666-666666666666', '76666666-6666-6666-6666-666666666666', N'Áo khoác nữ dù chống thấm nước nhẹ', 1, 1740902400000),

    ('14777777-7777-7777-7777-777777777777', 'SP007', N'Áo Polo thể thao nam', '13555555-5555-5555-5555-555555555555', '87777777-7777-7777-7777-777777777777', '77777777-7777-7777-7777-777777777777', N'Giày thể thao nam đế êm ái, thoáng khí', 1, 1740902400000),

    ('14888888-8888-8888-8888-888888888888', 'SP008', N'Áo Polo thể thao nữ', '13555555-5555-5555-5555-555555555555', '88888888-8888-8888-8888-888888888888', '78888888-8888-8888-8888-888888888888', N'Giày thể thao nữ nhẹ nhàng, thời trang', 1, 1740902400000),

    ('14999999-9999-9999-9999-999999999999', 'SP009', N'Áo Polo nam công sở', '13555555-5555-5555-5555-555555555555', '89999999-9999-9999-9999-999999999999', '79999999-9999-9999-9999-999999999999', N'Túi xách nam da cao cấp, nhiều ngăn', 1, 1740902400000),

    ('14010101-0101-0101-0101-010101010101', 'SP010', N'Áo Polo nữ đi chơi', '13555555-5555-5555-5555-555555555555', '81010101-0101-0101-0101-010101010101', '71010101-0101-0101-0101-010101010101', N'Túi xách nữ thời trang, sang trọng', 1, 1740902400000);

-- Insert into HTTT (Hình thức thanh toán)
INSERT INTO hinh_thuc_thanh_toan(id, ten_hinh_thuc, trang_thai)
VALUES
    ('21111111-1111-1111-1111-111111111111', N'Tiền mặt', 1),
    ('22222222-2222-2222-2222-222222222222', N'Chuyển khoản', 1);

-- ==================== NHAN VIEN - 10 DÒNG DỮ LIỆU CHO H2 ====================
INSERT INTO nhan_vien
(id, ma_nhan_vien, ten_nhan_vien, gioi_tinh, ngay_sinh, email, cccd, sdt,
 mat_khau, hinh_anh, luong, dia_chi, trang_thai, id_chuc_vu, ngay_tao, ngay_sua, login_provider)
VALUES
    ('31111111-1111-1111-1111-111111111111', 'NV001', N'Nguyễn Văn Nhân', 1, '1990-01-15', 'nguyenvannhan@gmail.com', '123456789012', '0987123456',
    '$2a$10$abc123def456ghi789jkl', 'nhanvien1.jpg', 12000000.0, N'Hà Nội', 1, '2', 1740902400000, 1740902400000, NULL),

    ('32222222-2222-2222-2222-222222222222', 'NV002', N'Trần Thị Viên', 0, '1991-02-20', 'tranthivien@gmail.com', '223456789012', '0987123457',
    '$2a$10$abc123def456ghi789jkl', 'nhanvien2.jpg', 13000000.0, N'Hồ Chí Minh', 1, '2', 1740902400000, 1740902400000, NULL),

    ('33333333-3333-3333-3333-333333333333', 'NV003', N'Lê Văn Công', 1, '1992-03-10', 'levancong@gmail.com', '323456789012', '0987123458',
    '$2a$10$abc123def456ghi789jkl', 'nhanvien3.jpg', 14000000.0, N'Đà Nẵng', 1, '2', 1740902400000, 1740902400000, NULL),

    ('34444444-4444-4444-4444-444444444444', 'NV004', N'Phạm Thị Sự', 0, '1993-04-05', 'phamthisu@gmail.com', '423456789012', '0987123459',
    '$2a$10$abc123def456ghi789jkl', 'nhanvien4.jpg', 15000000.0, N'Hải Phòng', 1, '2', 1740902400000, 1740902400000, NULL),

    ('35555555-5555-5555-5555-555555555555', 'NV005', N'Hoàng Văn Nghĩa', 1, '1994-05-12', 'hoangvannghia@gmail.com', '523456789012', '0987123460',
    '$2a$10$abc123def456ghi789jkl', 'nhanvien5.jpg', 16000000.0, N'Cần Thơ', 1, '2', 1740902400000, 1740902400000, NULL),

    ('36666666-6666-6666-6666-666666666666', 'NV006', N'Vũ Thị Trách', 0, '1995-06-18', 'vuthitrach@gmail.com', '623456789012', '0987123461',
    '$2a$10$abc123def456ghi789jkl', 'nhanvien6.jpg', 17000000.0, N'Bắc Ninh', 1, '2', 1740902400000, 1740902400000, NULL),

    ('37777777-7777-7777-7777-777777777777', 'NV007', N'Đặng Văn Nhiệm', 1, '1996-07-25', 'dangvannhiem@gmail.com', '723456789012', '0987123462',
    '$2a$10$abc123def456ghi789jkl', 'nhanvien7.jpg', 18000000.0, N'Hải Dương', 1, '2', 1740902400000, 1740902400000, NULL),

    ('38888888-8888-8888-8888-888888888888', 'NV008', N'Bùi Thị Vụ', 0, '1997-08-30', 'buithivu@gmail.com', '823456789012', '0987123463',
    '$2a$10$abc123def456ghi789jkl', 'nhanvien8.jpg', 19000000.0, N'Quảng Ninh', 1, '2', 1740902400000, 1740902400000, NULL),

    ('39999999-9999-9999-9999-999999999999', 'NV009', N'Mai Văn Phận', 1, '1998-09-15', 'maivanphan@gmail.com', '923456789012', '0987123464',
    '$2a$10$abc123def456ghi789jkl', 'nhanvien9.jpg', 20000000.0, N'Thái Bình', 1, '2', 1740902400000, 1740902400000, NULL),

    ('31010101-0101-0101-0101-010101010101', 'NV010', N'Lý Thị Nhiệm', 0, '1999-10-20', 'lythinhiem@gmail.com', '102345678901', '0987123465',
    '$2a$10$abc123def456ghi789jkl', 'nhanvien10.jpg', 21000000.0, N'Nam Định', 1, '2', 1740902400000, 1740902400000, NULL);

-- ==================== HOA DON - 10 DÒNG DỮ LIỆU CHO H2 ====================
INSERT INTO hoa_don
(id, id_khach_hang, id_nhan_vien, ma_hoa_don, ngay_tao, ngay_thanh_toan,
 ten_khach_hang, sdt, dia_chi, tong_tien, hinh_thuc_nhan_hang, phi_van_chuyen,
 so_tien_giam, tong_tien_sau_khi_giam, so_tien_khach_hang_thanh_toan, thanh_toan_truoc,
 loai_hoa_don, ngay_giao_hang, ngay_mong_muon_nhan_hang, ngay_du_kien_nhan_hang,
 ghi_chu, trang_thai, email_nguoi_nhan, confirmation_token, token_expiry_date)
VALUES
    ('51111111-1111-1111-1111-111111111111', '11111111-1111-1111-1111-111111111111', '31111111-1111-1111-1111-111111111111', 'HD20250001',
     TIMESTAMP '2025-04-01 09:00:00', TIMESTAMP '2025-04-01 09:30:00',
     N'Nguyễn Văn Anh', '0987654321', N'123 Đường ABC, Hà Nội', 1500000.00, 1, 30000.00,
     150000.00, 1350000.00, 1350000.00, TRUE, 1,
     TIMESTAMP '2025-04-03 14:00:00', TIMESTAMP '2025-04-03 10:00:00', TIMESTAMP '2025-04-03 12:00:00',
     N'Đơn hàng đầu tiên', 1, 'nguyenvananh@gmail.com', NULL, NULL),

    ('52222222-2222-2222-2222-222222222222', '22222222-2222-2222-2222-222222222222', '32222222-2222-2222-2222-222222222222', 'HD20250002',
     TIMESTAMP '2025-04-02 10:15:00', TIMESTAMP '2025-04-02 10:45:00',
     N'Trần Thị Bình', '0987654322', N'456 Đường XYZ, TP.HCM', 2500000.00, 1, 40000.00,
     0.00, 2500000.00, 2500000.00, TRUE, 1,
     TIMESTAMP '2025-04-04 15:00:00', TIMESTAMP '2025-04-04 09:00:00', TIMESTAMP '2025-04-04 14:00:00',
     NULL, 2, 'tranthibinh@gmail.com', NULL, NULL),

    ('53333333-3333-3333-3333-333333333333', '33333333-3333-3333-3333-333333333333', '33333333-3333-3333-3333-333333333333', 'HD20250003',
     TIMESTAMP '2025-04-03 14:20:00', NULL,
     N'Lê Văn Cường', '0987654323', N'789 Đường QWE, Đà Nẵng', 1800000.00, 2, 35000.00,
     180000.00, 1620000.00, 0.00, FALSE, 0,
     NULL, TIMESTAMP '2025-04-05 08:00:00', NULL,
     N'Chưa thanh toán', 0, 'levancuong@gmail.com', NULL, NULL),

    ('54444444-4444-4444-4444-444444444444', '44444444-4444-4444-4444-444444444444', '31111111-1111-1111-1111-111111111111', 'HD20250004',
     TIMESTAMP '2025-04-04 08:30:00', TIMESTAMP '2025-04-04 09:00:00',
     N'Phạm Thị Dung', '0987654324', N'321 Đường RTY, Hải Phòng', 3200000.00, 1, 45000.00,
     0.00, 3200000.00, 3200000.00, TRUE, 1,
     TIMESTAMP '2025-04-06 16:00:00', TIMESTAMP '2025-04-06 10:00:00', TIMESTAMP '2025-04-06 14:00:00',
     NULL, 3, 'phamthidung@gmail.com', NULL, NULL),

    ('55555555-5555-5555-5555-555555555555', '55555555-5555-5555-5555-555555555555', '32222222-2222-2222-2222-222222222222', 'HD20250005',
     TIMESTAMP '2025-04-05 11:45:00', TIMESTAMP '2025-04-05 12:10:00',
     N'Hoàng Văn Em', '0987654325', N'654 Đường UIO, Cần Thơ', 2750000.00, 1, 40000.00,
     275000.00, 2475000.00, 2475000.00, TRUE, 1,
     TIMESTAMP '2025-04-07 13:00:00', TIMESTAMP '2025-04-07 09:00:00', TIMESTAMP '2025-04-07 12:00:00',
     N'Áp dụng voucher', 1, 'hoangvanem@gmail.com', NULL, NULL),

    ('56666666-6666-6666-6666-666666666666', '11111111-1111-1111-1111-111111111111', '33333333-3333-3333-3333-333333333333', 'HD20250006',
     TIMESTAMP '2025-04-06 16:00:00', NULL,
     N'Nguyễn Văn Anh', '0987654321', N'123 Đường ABC, Hà Nội', 4200000.00, 2, 50000.00,
     0.00, 4200000.00, 0.00, FALSE, 0,
     NULL, TIMESTAMP '2025-04-08 10:00:00', NULL,
     N'Đang chờ xử lý', 0, 'nguyenvananh@gmail.com', NULL, NULL),

    ('57777777-7777-7777-7777-777777777777', '66666666-6666-6666-6666-666666666666', '31111111-1111-1111-1111-111111111111', 'HD20250007',
     TIMESTAMP '2025-04-07 09:30:00', TIMESTAMP '2025-04-07 10:00:00',
     N'Vũ Thị Phương', '0987654326', N'987 Đường PAS, Nha Trang', 1950000.00, 1, 35000.00,
     195000.00, 1755000.00, 1755000.00, TRUE, 1,
     TIMESTAMP '2025-04-09 15:00:00', TIMESTAMP '2025-04-09 08:00:00', TIMESTAMP '2025-04-09 14:00:00',
     NULL, 2, 'vuthiphuong@gmail.com', NULL, NULL),

    ('58888888-8888-8888-8888-888888888888', '77777777-7777-7777-7777-777777777777', '32222222-2222-2222-2222-222222222222', 'HD20250008',
     TIMESTAMP '2025-04-08 13:15:00', TIMESTAMP '2025-04-08 13:45:00',
     N'Đặng Văn Quân', '0987654327', N'159 Đường LKJ, Vũng Tàu', 3600000.00, 1, 45000.00,
     0.00, 3600000.00, 3600000.00, TRUE, 1,
     TIMESTAMP '2025-04-10 17:00:00', TIMESTAMP '2025-04-10 09:00:00', TIMESTAMP '2025-04-10 15:00:00',
     NULL, 3, 'dangvanquan@gmail.com', NULL, NULL),

    ('59999999-9999-9999-9999-999999999999', '88888888-8888-8888-8888-888888888888', '33333333-3333-3333-3333-333333333333', 'HD20250009',
     TIMESTAMP '2025-04-09 15:40:00', NULL,
     N'Bùi Thị Hương', '0987654328', N'753 Đường MNB, Huế', 2250000.00, 2, 40000.00,
     225000.00, 2025000.00, 0.00, FALSE, 0,
     NULL, TIMESTAMP '2025-04-11 08:00:00', NULL,
     N'Chưa thanh toán đầy đủ', 0, 'buithihuong@gmail.com', NULL, NULL),

    ('51010101-0101-0101-0101-010101010101', '22222222-2222-2222-2222-222222222222', '31111111-1111-1111-1111-111111111111', 'HD20250010',
     TIMESTAMP '2025-04-10 08:00:00', TIMESTAMP '2025-04-10 08:30:00',
     N'Trần Thị Bình', '0987654322', N'456 Đường XYZ, TP.HCM', 2800000.00, 1, 35000.00,
     0.00, 2800000.00, 2800000.00, TRUE, 1,
     TIMESTAMP '2025-04-12 14:00:00', TIMESTAMP '2025-04-12 09:00:00', TIMESTAMP '2025-04-12 13:00:00',
     NULL, 1, 'tranthibinh@gmail.com', NULL, NULL);

-- ==================== LICH SU HOA DON - 10 DÒNG DỮ LIỆU CHO H2 ====================
INSERT INTO lich_su_hoa_don
(id, id_hoa_don, ma_lich_su_hoa_don, hanh_dong_nguoi_thao_tac, ly_do_huy,
 ten_nhan_vien, ngay_cap_nhat, ghi_chu, trang_thai)
VALUES
    ('61111111-1111-1111-1111-111111111111', '51111111-1111-1111-1111-111111111111', 'LSHD001', N'Tạo hóa đơn', NULL,
     N'Nguyễn Văn Nhân', TIMESTAMP '2025-04-01 09:00:00', N'Tạo hóa đơn mới cho khách hàng', 1),

    ('62222222-2222-2222-2222-222222222222', '52222222-2222-2222-2222-222222222222', 'LSHD002', N'Xác nhận thanh toán', NULL,
     N'Trần Thị Viên', TIMESTAMP '2025-04-02 10:45:00', N'Khách đã thanh toán đầy đủ', 1),

    ('63333333-3333-3333-3333-333333333333', '53333333-3333-3333-3333-333333333333', 'LSHD003', N'Cập nhật thông tin', NULL,
     N'Lê Văn Công', TIMESTAMP '2025-04-03 14:25:00', N'Cập nhật địa chỉ giao hàng', 1),

    ('64444444-4444-4444-4444-444444444444', '54444444-4444-4444-4444-444444444444', 'LSHD004', N'Xác nhận đơn hàng', NULL,
     N'Phạm Thị Sự', TIMESTAMP '2025-04-04 09:00:00', N'Đơn hàng đã được xác nhận', 1),

    ('65555555-5555-5555-5555-555555555555', '55555555-5555-5555-5555-555555555555', 'LSHD005', N'Áp dụng phiếu giảm giá', NULL,
     N'Hoàng Văn Nghĩa', TIMESTAMP '2025-04-05 12:10:00', N'Áp dụng voucher PGG005 giảm 275.000đ', 1),

    ('66666666-6666-6666-6666-666666666666', '56666666-6666-6666-6666-666666666666', 'LSHD006', N'Tạo hóa đơn', NULL,
     N'Lê Văn Công', TIMESTAMP '2025-04-06 16:00:00', N'Tạo đơn hàng mới', 1),

    ('67777777-7777-7777-7777-777777777777', '57777777-7777-7777-7777-777777777777', 'LSHD007', N'Xác nhận giao hàng', NULL,
     N'Nguyễn Văn Nhân', TIMESTAMP '2025-04-07 10:00:00', N'Đơn hàng đã được giao cho đơn vị vận chuyển', 1),

    ('68888888-8888-8888-8888-888888888888', '58888888-8888-8888-8888-888888888888', 'LSHD008', N'Hoàn tất đơn hàng', NULL,
     N'Trần Thị Viên', TIMESTAMP '2025-04-08 13:45:00', N'Khách hàng đã nhận hàng thành công', 1),

    ('69999999-9999-9999-9999-999999999999', '59999999-9999-9999-9999-999999999999', 'LSHD009', N'Hủy hóa đơn', N'Khách yêu cầu hủy',
     N'Phạm Thị Sự', TIMESTAMP '2025-04-09 16:00:00', N'Hủy theo yêu cầu của khách hàng', 1),

    ('61010101-0101-0101-0101-010101010101', '51010101-0101-0101-0101-010101010101', 'LSHD010', N'Xác nhận thanh toán', NULL,
     N'Nguyễn Văn Nhân', TIMESTAMP '2025-04-10 08:30:00', N'Khách đã thanh toán qua chuyển khoản', 1);
-- Insert into HTTT_Hoa_Don
INSERT INTO httt_hoa_don (id, id_hoa_don, id_httt, ma_giao_dich, trang_thai)
VALUES
    ('61111111-1111-1111-1111-111111111111', '51111111-1111-1111-1111-111111111111', '21111111-1111-1111-1111-111111111111', 'GD001', 1),

    ('61515151-5151-5151-5151-515151515151', '52222222-2222-2222-2222-222222222222', '22222222-2222-2222-2222-222222222222', 'GD015', 1);

-- ==================== CHI TIET SAN PHAM - 10 DÒNG DỮ LIỆU CHO H2 ====================
INSERT INTO chi_tiet_san_pham
(id, id_san_pham, id_mau_sac, id_kich_thuoc, id_hinh_anh,
 maCTSP, tenCTSP, so_luong, don_gia, ghi_chu, trang_thai)
VALUES
    ('71111111-1111-1111-1111-111111111111', '14111111-1111-1111-1111-111111111111', '91111111-1111-1111-1111-111111111111', '10111111-1111-1111-1111-111111111111', '12111111-1111-1111-1111-111111111111',
     'CTSP001', N'Áo thun nam trắng size S', 100, 200000.00, N'Áo thun cotton thoáng mát', 1),

    ('72222222-2222-2222-2222-222222222222', '14222222-2222-2222-2222-222222222222', '97777777-7777-7777-7777-777777777777', '10222222-2222-2222-2222-222222222222', '12222222-2222-2222-2222-222222222222',
     'CTSP002', N'Áo thun nữ hồng size M', 150, 250000.00, N'Áo thun nữ cotton dễ thương', 1),

    ('73333333-3333-3333-3333-333333333333', '14333333-3333-3333-3333-333333333333', '93333333-3333-3333-3333-333333333333', '10333333-3333-3333-3333-333333333333', '12333333-3333-3333-3333-333333333333',
     'CTSP003', N'Quần jean nam xanh size 32', 200, 500000.00, N'Quần jean nam co giãn slimfit', 1),

    ('74444444-4444-4444-4444-444444444444', '14444444-4444-4444-4444-444444444444', '95555555-5555-5555-5555-555555555555', '10444444-4444-4444-4444-444444444444', '12444444-4444-4444-4444-444444444444',
     'CTSP004', N'Quần jean nữ đen size 28', 180, 450000.00, N'Quần jean nữ skinny', 1),

    ('75555555-5555-5555-5555-555555555555', '14555555-5555-5555-5555-555555555555', '95555555-5555-5555-5555-555555555555', '10555555-5555-5555-5555-555555555555', '12555555-5555-5555-5555-555555555555',
     'CTSP005', N'Áo khoác nam đen size L', 120, 800000.00, N'Áo khoác bomber nam', 1),

    ('76666666-6666-6666-6666-666666666666', '14666666-6666-6666-6666-666666666666', '91111111-1111-1111-1111-111111111111', '10666666-6666-6666-6666-666666666666', '12666666-6666-6666-6666-666666666666',
     'CTSP006', N'Áo khoác nữ xám size M', 130, 750000.00, N'Áo khoác dù nữ chống thấm', 1),

    ('77777777-7777-7777-7777-777777777777', '14777777-7777-7777-7777-777777777777', '96666666-6666-6666-6666-666666666666', '10777777-7777-7777-7777-777777777777', '12777777-7777-7777-7777-777777777777',
     'CTSP007', N'Giày thể thao nam trắng size 42', 90, 1200000.00, N'Giày thể thao nam đế êm', 1),

    ('78888888-8888-8888-8888-888888888888', '14888888-8888-8888-8888-888888888888', '97777777-7777-7777-7777-777777777777', '10888888-8888-8888-8888-888888888888', '12888888-8888-8888-8888-888888888888',
     'CTSP008', N'Giày thể thao nữ hồng size 37', 110, 1100000.00, N'Giày thể thao nữ nhẹ nhàng', 1),

    ('79999999-9999-9999-9999-999999999999', '14999999-9999-9999-9999-999999999999', '95555555-5555-5555-5555-555555555555', '10999999-9999-9999-9999-999999999999', '12999999-9999-9999-9999-999999999999',
     'CTSP009', N'Túi xách nam đen', 70, 900000.00, N'Túi xách nam da công sở', 1),

    ('71010101-0101-0101-0101-010101010101', '14010101-0101-0101-0101-010101010101', '91010101-0101-0101-0101-010101010101', '11010101-0101-0101-0101-010101010101', '12010101-0101-0101-0101-010101010101',
     'CTSP010', N'Túi xách nữ nâu', 80, 850000.00, N'Túi xách nữ thời trang', 1);
-- Insert into HoaDonChiTiet
-- ==================== HOA DON CHI TIET - 10 DÒNG DỮ LIỆU CHO H2 ====================
INSERT INTO hoa_don_chi_tiet
(id, id_hoa_don, id_chi_tiet_san_pham, so_luong, gia_goc, gia_ban, trang_thai)
VALUES
    ('81111111-1111-1111-1111-111111111111', '51111111-1111-1111-1111-111111111111', '71111111-1111-1111-1111-111111111111', 2, 200000.00, 180000.00, 1),
    ('82222222-2222-2222-2222-222222222222', '52222222-2222-2222-2222-222222222222', '72222222-2222-2222-2222-222222222222', 1, 250000.00, 230000.00, 1),
    ('83333333-3333-3333-3333-333333333333', '53333333-3333-3333-3333-333333333333', '73333333-3333-3333-3333-333333333333', 3, 500000.00, 450000.00, 1),
    ('84444444-4444-4444-4444-444444444444', '54444444-4444-4444-4444-444444444444', '74444444-4444-4444-4444-444444444444', 2, 450000.00, 400000.00, 1),
    ('85555555-5555-5555-5555-555555555555', '55555555-5555-5555-5555-555555555555', '75555555-5555-5555-5555-555555555555', 1, 800000.00, 750000.00, 1),
    ('86666666-6666-6666-6666-666666666666', '56666666-6666-6666-6666-666666666666', '76666666-6666-6666-6666-666666666666', 4, 750000.00, 700000.00, 1),
    ('87777777-7777-7777-7777-777777777777', '57777777-7777-7777-7777-777777777777', '77777777-7777-7777-7777-777777777777', 2, 1200000.00, 1100000.00, 1),
    ('88888888-8888-8888-8888-888888888888', '58888888-8888-8888-8888-888888888888', '78888888-8888-8888-8888-888888888888', 1, 1100000.00, 1000000.00, 1),
    ('89999999-9999-9999-9999-999999999999', '59999999-9999-9999-9999-999999999999', '79999999-9999-9999-9999-999999999999', 3, 900000.00, 800000.00, 1),
    ('81010101-0101-0101-0101-010101010101', '51010101-0101-0101-0101-010101010101', '71010101-0101-0101-0101-010101010101', 2, 850000.00, 750000.00, 1);